artist_id,year,streams_total,placements_total
A01,2022,16691500,145888
A01,2023,51162950,247984
A01,2024,53356633,191960
A01,2025,54191193,235248
A02,2019,61947692,320017
A02,2020,75467551,333369
A02,2021,81891423,278910
A02,2022,85554807,366629
A02,2023,84952571,388534
A02,2024,89031451,387425
A02,2025,84097085,329327
A03,2020,3027057,48272
A03,2021,5174327,64262
A03,2022,7661355,69184
A03,2023,10627964,70107
A03,2024,14227891,80952
A03,2025,17005305,73477
A04,2023,2907661,85706
A04,2024,4731130,89233
A04,2025,22716683,89975
A05,2020,7229466,188903
A05,2021,41499586,263342
A05,2022,63987812,231189
A05,2023,65735100,259546
A05,2024,67883974,297996
A05,2025,66491972,298212
A06,2021,3411931,65824
A06,2022,11785925,116873
A06,2023,32570601,138667
A06,2024,16892915,121145
A06,2025,9354950,106908
A07,2019,42691026,147905
A07,2020,40750904,201300
A07,2021,35147119,168129
A07,2022,29607967,178105
A07,2023,25796936,156073
A07,2024,21404399,109637
A07,2025,19491678,159651
A08,2022,3674301,55225
A08,2023,6267831,54749
A08,2024,9491810,52719
A08,2025,13098431,71533
A09,2021,35322206,156230
A09,2022,41411307,172463
A09,2023,41722940,147510
A09,2024,44099575,187633
A09,2025,42067336,168103
A10,2022,4123480,99833
A10,2023,23019460,162514
A10,2024,44088211,164029
A10,2025,43565827,151067
A11,2022,3584513,81528
A11,2023,3745024,108723
A11,2024,12912747,106701
A11,2025,35111727,158471
A12,2019,50670597,215752
A12,2020,44724041,229703
A12,2021,37796479,194427
A12,2022,33508485,209893
A12,2023,29180820,183092
A12,2024,26488348,197928
A12,2025,22461125,183642
P0001,2024,2092092,22949
P0001,2025,4053793,23964
P0002,2022,44199107,222978
P0002,2023,33395751,183783
P0002,2024,26498457,147116
P0002,2025,20714507,134405
P0003,2018,6175141,29561
P0003,2019,7646623,35536
P0003,2020,9542989,43075
P0003,2021,9668947,34168
P0003,2022,10117654,43233
P0003,2023,10097896,43817
P0003,2024,10420450,43893
P0003,2025,9996034,41962
P0004,2020,215926,6094
P0004,2021,213774,6125
P0004,2022,206068,4112
P0004,2023,224442,5658
P0004,2024,1088228,7969
P0004,2025,2046296,7436
P0005,2019,919327,27002
P0005,2020,1062729,37401
P0005,2021,2174164,37184
P0005,2022,10496674,54927
P0005,2023,12953157,56303
P0005,2024,12948136,43078
P0005,2025,12958456,54283
P0006,2024,2819345,15082
P0006,2025,4042000,18303
P0007,2017,12233729,207981
P0007,2018,18640788,318719
P0007,2019,23523409,209585
P0007,2020,30270675,254685
P0007,2021,37681162,263957
P0007,2022,45102249,244128
P0007,2023,54082715,285916
P0007,2024,66096055,353938
P0007,2025,71105043,306917
P0008,2023,39995959,154038
P0008,2024,29315689,169496
P0008,2025,20730404,141390
P0009,2025,1756423,12729
P0010,2023,15378993,184280
P0010,2024,33344495,266614
P0010,2025,53901468,289383
P0011,2018,202180,4126
P0011,2019,223435,5816
P0011,2020,225287,6640
P0011,2021,227410,6667
P0011,2022,225116,5839
P0011,2023,552004,6085
P0011,2024,2186978,10447
P0011,2025,2295917,10395
P0012,2024,5431346,137677
P0012,2025,23967733,202603
P0013,2020,597146,17200
P0013,2021,707347,17619
P0013,2022,3834773,28404
P0013,2023,7998994,37800
P0013,2024,8089480,35769
P0013,2025,7861491,30387
P0014,2023,6878145,161297
P0014,2024,48426103,282376
P0014,2025,31167010,216603
P0015,2024,31940265,321367
P0015,2025,56966333,315662
P0016,2023,15184085,159433
P0016,2024,49565066,220283
P0016,2025,51807141,183212
P0017,2023,9824319,245454
P0017,2024,13184332,288463
P0017,2025,68584670,401977
P0018,2017,1821651,42542
P0018,2018,1926200,58854
P0018,2019,1860723,49209
P0018,2020,1862755,55469
P0018,2021,1819194,39549
P0018,2022,2544156,58386
P0018,2023,13828214,75599
P0018,2024,18393622,63647
P0018,2025,18430315,76709
P0019,2019,8259504,106273
P0019,2020,13064290,168364
P0019,2021,18025126,161296
P0019,2022,24661387,192407
P0019,2023,31288574,193584
P0019,2024,37987786,176372
P0019,2025,45208082,202822
P0020,2019,184525,4809
P0020,2020,211101,5775
P0020,2021,1352288,5117
P0020,2022,1589480,8059
P0020,2023,964692,6476
P0020,2024,620526,4576
P0020,2025,431010,5112
P0021,2022,68827465,361203
P0021,2023,83264676,396731
P0021,2024,84840814,281418
P0021,2025,86494011,390204
P0022,2023,745298,9135
P0022,2024,3300150,15391
P0022,2025,3794510,13822
P0023,2023,2386006,28460
P0023,2024,5292444,41620
P0023,2025,8460638,50041
P0024,2016,5192366,83387
P0024,2017,7579583,143457
P0024,2018,9714639,76401
P0024,2019,12501941,111345
P0024,2020,15468322,130710
P0024,2021,18313878,102416
P0024,2022,21948093,127949
P0024,2023,24833544,120344
P0024,2024,29690515,163830
P0024,2025,32825795,163985
P0025,2017,1679178,25262
P0025,2018,2508212,33149
P0025,2019,3456284,40120
P0025,2020,4619433,45744
P0025,2021,5730171,42649
P0025,2022,6681758,32986
P0025,2023,8166359,46718
P0025,2024,9855127,51812
P0025,2025,10821264,39439
P0026,2021,2988354,13297
P0026,2022,2487468,14562
P0026,2023,2071148,13317
P0026,2024,1764555,13356
P0026,2025,1440695,9071
P0027,2019,754159,18579
P0027,2020,866943,26487
P0027,2021,842265,22444
P0027,2022,868970,29637
P0027,2023,1314693,26855
P0027,2024,7249147,39679
P0027,2025,8149369,26964
P0028,2017,13798076,63463
P0028,2018,12336454,62571
P0028,2019,10770097,51916
P0028,2020,9767391,58783
P0028,2021,8402999,39133
P0028,2022,7830421,50122
P0028,2023,6936779,51745
P0028,2024,6098242,35071
P0028,2025,5708851,51294
P0029,2022,439363,14070
P0029,2023,1983417,12904
P0029,2024,3251741,12980
P0029,2025,1562597,15549
P0030,2017,27195103,131635
P0030,2018,34547827,152802
P0030,2019,39346381,180960
P0030,2020,38170067,169683
P0030,2021,37071931,140925
P0030,2022,40262609,199544
P0030,2023,39110037,154875
P0030,2024,39384480,164347
P0030,2025,39246707,180402
P0031,2022,557778,16377
P0031,2023,547663,14926
P0031,2024,1562257,12495
P0031,2025,5008346,22253
P0032,2018,9547790,201109
P0032,2019,10723942,270597
P0032,2020,10847133,299760
P0032,2021,11210796,403013
P0032,2022,12281311,339114
P0032,2023,63517406,348407
P0032,2024,109920166,457462
P0032,2025,108288026,461822
P0033,2018,528959,17042
P0033,2019,496733,12113
P0033,2020,489222,10106
P0033,2021,500529,15091
P0033,2022,506318,15667
P0033,2023,706360,10115
P0033,2024,3879792,17604
P0033,2025,5050916,21582
P0034,2024,165184,4123
P0034,2025,494484,5149
P0035,2023,15325992,178891
P0035,2024,33203780,254916
P0035,2025,52832893,276784
P0036,2022,1546037,41166
P0036,2023,1639120,46053
P0036,2024,7461961,53012
P0036,2025,15124492,61764
P0037,2022,826796,18642
P0037,2023,4441513,30969
P0037,2024,9307694,40725
P0037,2025,9429081,40442
P0038,2021,3926110,17980
P0038,2022,4957879,23356
P0038,2023,5364272,21414
P0038,2024,5612603,23872
P0038,2025,5362047,24131
P0039,2022,1226833,16621
P0039,2023,2408631,22945
P0039,2024,3825634,22467
P0039,2025,5483786,28978
P0040,2023,7118939,28065
P0040,2024,8759071,40291
P0040,2025,9022264,40259
P0041,2019,5596045,180455
P0041,2020,5516353,160759
P0041,2021,5254999,111195
P0041,2022,5729143,208465
P0041,2023,13184921,138296
P0041,2024,50921813,227197
P0041,2025,55428477,241645
P0042,2025,14430770,67263
P0043,2016,211716,5143
P0043,2017,218515,7855
P0043,2018,227380,7723
P0043,2019,600712,8779
P0043,2020,2421130,12153
P0043,2021,2705016,10423
P0043,2022,2791986,12055
P0043,2023,2781857,11277
P0043,2024,2904862,12578
P0043,2025,2786652,12295
P0044,2017,10684663,217700
P0044,2018,12486186,382891
P0044,2019,12331974,333502
P0044,2020,12131100,323149
P0044,2021,12732713,420397
P0044,2022,25867149,274907
P0044,2023,109631850,502558
P0044,2024,125745948,558949
P0044,2025,123636205,537470
P0045,2018,1781143,26101
P0045,2019,2689689,36700
P0045,2020,3693554,38143
P0045,2021,4966469,44901
P0045,2022,6263827,43133
P0045,2023,7506948,38268
P0045,2024,9201128,42166
P0045,2025,10960558,53464
P0046,2019,1359688,37305
P0046,2020,1873379,46489
P0046,2021,10965490,68792
P0046,2022,18008697,79615
P0046,2023,18044313,68956
P0046,2024,18158321,62707
P0046,2025,18572907,81582
P0047,2023,10715697,216959
P0047,2024,14753570,308378
P0047,2025,80123882,431916
P0048,2023,26968701,135702
P0048,2024,30394394,102887
P0048,2025,30790864,117571
P0049,2023,617714,9118
P0049,2024,3486609,18833
P0049,2025,4870075,20926
P0050,2021,2200525,29832
P0050,2022,3861476,43398
P0050,2023,5858383,39725
P0050,2024,8392839,52898
P0050,2025,10784848,54844
P0051,2017,8047293,193193
P0051,2018,9455615,276604
P0051,2019,20106998,281547
P0051,2020,93643222,405005
P0051,2021,72209560,380853
P0051,2022,46037337,248329
P0051,2023,32577044,272376
P0051,2024,24449052,282090
P0051,2025,17806014,210854
P0052,2020,465828,15639
P0052,2021,2047025,17621
P0052,2022,5035900,17833
P0052,2023,5410451,22401
P0052,2024,5658004,24617
P0052,2025,5649463,27152
P0053,2019,17267243,262963
P0053,2020,26187747,300616
P0053,2021,36586844,342764
P0053,2022,46849061,350605
P0053,2023,55639599,300846
P0053,2024,69476827,333855
P0053,2025,82213952,398869
P0054,2019,3681689,76607
P0054,2020,3800877,103740
P0054,2021,3831239,102123
P0054,2022,3872733,117891
P0054,2023,8893088,117392
P0054,2024,34281720,132874
P0054,2025,39006368,180668
P0055,2018,29065960,119106
P0055,2019,26055902,137016
P0055,2020,20839146,85693
P0055,2021,18691183,100907
P0055,2022,16601537,102610
P0055,2023,14229360,78076
P0055,2024,13899609,140033
P0055,2025,11284827,76598
P0056,2019,18882404,64364
P0056,2020,17079033,93576
P0056,2021,13976221,66197
P0056,2022,12339858,74693
P0056,2023,10642546,72814
P0056,2024,9452656,72992
P0056,2025,7950409,68551
P0057,2025,5341334,47826
P0058,2022,8669852,33400
P0058,2023,6806156,33097
P0058,2024,5393581,34459
P0058,2025,4169019,33261
P0059,2019,32019757,153001
P0059,2020,27215473,144156
P0059,2021,22551767,99284
P0059,2022,19718732,118542
P0059,2023,17084353,104760
P0059,2024,15376269,114471
P0059,2025,13083611,112715
P0060,2023,5888548,80220
P0060,2024,27303209,123788
P0060,2025,11889730,106716
P0061,2025,7871031,59911
P0062,2025,20301677,101811
P0063,2018,912572,18660
P0063,2019,928099,24991
P0063,2020,933619,27089
P0063,2021,934211,27050
P0063,2022,962959,20834
P0063,2023,4192699,28225
P0063,2024,9213264,36810
P0063,2025,9320062,40028
P0064,2025,30437507,117774
P0065,2022,2292218,10808
P0065,2023,1760100,9591
P0065,2024,1402920,7695
P0065,2025,1129783,8458
P0066,2019,458831,14420
P0066,2020,458593,14020
P0066,2021,463189,15224
P0066,2022,456924,13162
P0066,2023,973414,10034
P0066,2024,4120232,19023
P0066,2025,4474164,18474
P0067,2021,1910215,8075
P0067,2022,1601188,8892
P0067,2023,1311543,7315
P0067,2024,1099254,6743
P0067,2025,912987,6448
P0068,2025,23076807,324236
P0069,2023,271579,7212
P0069,2024,459279,8538
P0069,2025,2232774,11214
P0070,2019,343076,7517
P0070,2020,352516,9968
P0070,2021,1356025,12303
P0070,2022,3431027,16041
P0070,2023,2124026,12210
P0070,2024,1328588,9538
P0070,2025,872152,9780
P0071,2020,1576607,45285
P0071,2021,6049420,57948
P0071,2022,14444366,45270
P0071,2023,9218410,56231
P0071,2024,5625031,56418
P0071,2025,3500701,35727
P0072,2024,26686344,252723
P0072,2025,45330692,272870
P0073,2023,1714475,20835
P0073,2024,3133381,23192
P0073,2025,4631398,21088
P0074,2024,1132486,7737
P0074,2025,2646100,11358
P0075,2024,4985394,127454
P0075,2025,19983943,158746
P0076,2019,8189666,230035
P0076,2020,15849278,275452
P0076,2021,81706053,433909
P0076,2022,107210697,475841
P0076,2023,106263741,460417
P0076,2024,105131169,373597
P0076,2025,104289892,384515
P0077,2016,9936705,170973
P0077,2017,14185735,208913
P0077,2018,19477936,199410
P0077,2019,24930028,237040
P0077,2020,29783680,179936
P0077,2021,37013721,245306
P0077,2022,44774759,307310
P0077,2023,51476940,297352
P0077,2024,59293702,299063
P0077,2025,67778947,315401
P0078,2020,97786113,460558
P0078,2021,118562398,532960
P0078,2022,125324126,549836
P0078,2023,121234200,465739
P0078,2024,124494771,441141
P0078,2025,120077906,473965
P0079,2022,5758014,27276
P0079,2023,4335799,22898
P0079,2024,3240185,14076
P0079,2025,2640068,20209
P0080,2017,598622,10336
P0080,2018,841219,11878
P0080,2019,1046905,7340
P0080,2020,1375087,10781
P0080,2021,1727654,12185
P0080,2022,1958338,9898
P0080,2023,2488304,15517
P0080,2024,2744015,11240
P0080,2025,3224187,15619
P0081,2017,18938082,329808
P0081,2018,26930165,355640
P0081,2019,35167364,366276
P0081,2020,43182466,351031
P0081,2021,53440454,352485
P0081,2022,65164208,402876
P0081,2023,77459663,431565
P0081,2024,87172564,392473
P0081,2025,100943741,414328
P0082,2019,1328305,41274
P0082,2020,4956097,54270
P0082,2021,14459710,58055
P0082,2022,16450691,75237
P0082,2023,15721425,60673
P0082,2024,16311517,69788
P0082,2025,16213784,70144
P0083,2022,3721599,18779
P0083,2023,4378648,19807
P0083,2024,4559867,17067
P0083,2025,4442089,16417
P0084,2019,9830444,255337
P0084,2020,9812889,277164
P0084,2021,9712089,219902
P0084,2022,10576959,294847
P0084,2023,48700975,334210
P0084,2024,99314293,434462
P0084,2025,99867644,430188
P0085,2018,543923,13793
P0085,2019,608128,20061
P0085,2020,1748720,24515
P0085,2021,6977458,36678
P0085,2022,7873206,33692
P0085,2023,7560679,25577
P0085,2024,7990538,33391
P0085,2025,7775600,32256
P0086,2019,4902024,131195
P0086,2020,26829952,204536
P0086,2021,46658805,215064
P0086,2022,29291250,181969
P0086,2023,18331329,131322
P0086,2024,13265134,147304
P0086,2025,9607545,141359
P0087,2018,5069683,66884
P0087,2019,7184215,84684
P0087,2020,9259098,69564
P0087,2021,11568853,77386
P0087,2022,14433359,95112
P0087,2023,17531900,101820
P0087,2024,20081848,84752
P0087,2025,23152438,99850
P0088,2020,337849,8025
P0088,2021,345552,9427
P0088,2022,336718,8512
P0088,2023,509462,9271
P0088,2024,2663983,12409
P0088,2025,3401015,13778
P0089,2019,1101574,40918
P0089,2020,1648472,40964
P0089,2021,9023406,45472
P0089,2022,13594158,55167
P0089,2023,14096240,60362
P0089,2024,14621491,68929
P0089,2025,13941335,60239
P0090,2017,1283068,33698
P0090,2018,1348560,42160
P0090,2019,1316773,38802
P0090,2020,1309083,39125
P0090,2021,1273401,31876
P0090,2022,1396531,41411
P0090,2023,6527464,44864
P0090,2024,13470951,67395
P0090,2025,13226449,58074
P0091,2016,1455337,22973
P0091,2017,2063741,28770
P0091,2018,2889688,34866
P0091,2019,3587070,32756
P0091,2020,4512164,29547
P0091,2021,5545720,35996
P0091,2022,6663838,41355
P0091,2023,7607105,41807
P0091,2024,8689411,38516
P0091,2025,9964087,48486
P0092,2023,716594,6193
P0092,2024,1440468,7637
P0092,2025,596691,4926
P0093,2019,1199029,30343
P0093,2020,1265979,43732
P0093,2021,3762642,46121
P0093,2022,14253057,70639
P0093,2023,15722990,63204
P0093,2024,15614906,51789
P0093,2025,15648243,69239
P0094,2021,149034,3668
P0094,2022,262422,6604
P0094,2023,1442789,8000
P0094,2024,2126778,7293
P0094,2025,2167503,9359
P0095,2024,3612498,16147
P0095,2025,3703427,15319
P0096,2017,73810117,315799
P0096,2018,64828697,264774
P0096,2019,55882911,214654
P0096,2020,50851867,292689
P0096,2021,45534889,280925
P0096,2022,39016362,192116
P0096,2023,35154053,224369
P0096,2024,32352211,244321
P0096,2025,27992488,172093
P0097,2017,14936671,285436
P0097,2018,20808370,300382
P0097,2019,26809268,203436
P0097,2020,34740639,272298
P0097,2021,43714713,325588
P0097,2022,51669163,257769
P0097,2023,62120284,365788
P0097,2024,72124351,358746
P0097,2025,82741873,410197
P0098,2018,1791503,56664
P0098,2019,1712509,40822
P0098,2020,1690364,41886
P0098,2021,1716869,45635
P0098,2022,1746095,38371
P0098,2023,7240531,62566
P0098,2024,17210317,75731
P0098,2025,16980460,63596
P0099,2024,25655162,154310
P0099,2025,38427313,166413
P0100,2025,56179606,264862
P0101,2018,3032006,14989
P0101,2019,3787397,17787
P0101,2020,3976884,18121
P0101,2021,4035546,17922
P0101,2022,3962882,14546
P0101,2023,3963597,14936
P0101,2024,4179482,17908
P0101,2025,4124267,19046
P0102,2015,229505,5305
P0102,2016,233071,6446
P0102,2017,293688,5911
P0102,2018,2065850,7914
P0102,2019,2196810,8680
P0102,2020,1593074,9052
P0102,2021,1134984,8324
P0102,2022,834219,7548
P0102,2023,611947,5230
P0102,2024,506927,5957
P0102,2025,416512,6912
P0103,2020,7043678,96528
P0103,2021,10535545,109710
P0103,2022,14602686,124069
P0103,2023,18838749,123516
P0103,2024,23045650,110967
P0103,2025,27879599,124285
P0104,2021,113491974,432813
P0104,2022,99791395,471996
P0104,2023,82114059,468193
P0104,2024,67057070,466457
P0104,2025,52692986,402573
P0105,2023,12209770,200124
P0105,2024,71624987,365119
P0105,2025,35711780,266390
P0106,2019,2507263,10732
P0106,2020,3145794,15345
P0106,2021,3669793,16105
P0106,2022,3809427,15428
P0106,2023,3817198,16744
P0106,2024,3670736,12613
P0106,2025,3777234,14340
P0107,2023,4748071,153241
P0107,2024,7566403,130243
P0107,2025,35242294,126597
P0108,2019,191581,4369
P0108,2020,201198,6190
P0108,2021,197337,5661
P0108,2022,192283,4322
P0108,2023,443342,6342
P0108,2024,1819907,9027
P0108,2025,1919507,6895
P0109,2022,8037711,36544
P0109,2023,6252037,35805
P0109,2024,4726650,23314
P0109,2025,3844476,26897
P0110,2016,2463555,37346
P0110,2017,3509523,51500
P0110,2018,4784509,51413
P0110,2019,6134087,60978
P0110,2020,7683011,63691
P0110,2021,8838381,44478
P0110,2022,10688069,64677
P0110,2023,12409872,66236
P0110,2024,14734819,80189
P0110,2025,16369925,76785
P0111,2020,321576,8888
P0111,2021,476141,12540
P0111,2022,2692280,15720
P0111,2023,4161306,16209
P0111,2024,4277380,19633
P0111,2025,4251275,20409
P0112,2018,77095261,382328
P0112,2019,98523100,518043
P0112,2020,116913387,512752
P0112,2021,125260509,527161
P0112,2022,125156447,540907
P0112,2023,122114359,431729
P0112,2024,130403995,527615
P0112,2025,127176098,585255
P0113,2025,29688521,126420
P0114,2023,6674514,43725
P0114,2024,12857789,53241
P0114,2025,12740470,48457
P0115,2022,4555143,16455
P0115,2023,3589018,16666
P0115,2024,2839613,16476
P0115,2025,2217080,16222
P0116,2022,13618566,51214
P0116,2023,10549154,47276
P0116,2024,8320407,52311
P0116,2025,6274860,34652
P0117,2024,99242698,510334
P0117,2025,47767105,464302
P0118,2019,2192130,10811
P0118,2020,2938346,13750
P0118,2021,3407057,14164
P0118,2022,3470510,14120
P0118,2023,3492799,12414
P0118,2024,3577951,14198
P0118,2025,3555410,16051
P0119,2016,264884,6258
P0119,2017,266786,7567
P0119,2018,270969,6996
P0119,2019,274615,8532
P0119,2020,269584,7661
P0119,2021,263257,5078
P0119,2022,265883,6210
P0119,2023,726781,8729
P0119,2024,2512769,8804
P0119,2025,2715112,11351
P0120,2016,146335,5442
P0120,2017,145663,4978
P0120,2018,155783,3881
P0120,2019,628264,6428
P0120,2020,1776817,7798
P0120,2021,1896925,7982
P0120,2022,1864507,8226
P0120,2023,1813913,6101
P0120,2024,1867667,7179
P0120,2025,1900800,8617
P0121,2015,4347505,94543
P0121,2016,4503622,134799
P0121,2017,4495173,108557
P0121,2018,4610876,142529
P0121,2019,4254067,82516
P0121,2020,4518840,125270
P0121,2021,4478290,115804
P0121,2022,5666060,126816
P0121,2023,31825555,160229
P0121,2024,46065741,201488
P0121,2025,44982127,174472
P0122,2016,3141674,16890
P0122,2017,3708731,20261
P0122,2018,4486793,19368
P0122,2019,4555461,20116
P0122,2020,4390256,15107
P0122,2021,4530582,18344
P0122,2022,4462878,17970
P0122,2023,4379814,15295
P0122,2024,4572083,18398
P0122,2025,4468385,18299
P0123,2024,679466,5625
P0123,2025,1478078,8983
P0124,2022,2315338,33316
P0124,2023,4571346,46287
P0124,2024,7379124,44635
P0124,2025,10618399,59039
P0125,2016,6781260,165405
P0125,2017,6970555,209206
P0125,2018,10881329,269082
P0125,2019,62924601,391472
P0125,2020,89894257,408440
P0125,2021,88291280,305539
P0125,2022,91151963,394700
P0125,2023,89588963,389686
P0125,2024,90764578,299818
P0125,2025,91323815,399821
P0126,2019,395067,7271
P0126,2020,606400,7526
P0126,2021,793976,5261
P0126,2022,1116421,8542
P0126,2023,1404226,8676
P0126,2024,1702458,7017
P0126,2025,2057215,9560
P0127,2017,3964836,90987
P0127,2018,4574795,128009
P0127,2019,4547514,127821
P0127,2020,18142084,148724
P0127,2021,47260283,205815
P0127,2022,30937699,122207
P0127,2023,21683924,148566
P0127,2024,15462624,157948
P0127,2025,11280731,154160
P0128,2019,5720752,180513
P0128,2020,5620815,150377
P0128,2021,27933823,166322
P0128,2022,52602804,231963
P0128,2023,31912932,199510
P0128,2024,20319784,133489
P0128,2025,13936513,151141
P0129,2023,34050241,149474
P0129,2024,38249912,171012
P0129,2025,38026841,177857
P0130,2019,1619417,44618
P0130,2020,4109146,56239
P0130,2021,16587593,79159
P0130,2022,11021160,54172
P0130,2023,7047048,41822
P0130,2024,4934385,51547
P0130,2025,3397488,48824
P0131,2024,1708747,9118
P0131,2025,2206007,10279
P0132,2025,2559663,11068
P0133,2022,6899435,185620
P0133,2023,7227749,199650
P0133,2024,23807161,202729
P0133,2025,68338995,317552
P0134,2019,8782412,161747
P0134,2020,14030869,202430
P0134,2021,18389126,113959
P0134,2022,26363557,196473
P0134,2023,33649648,215753
P0134,2024,40701526,172670
P0134,2025,48797230,241938
P0135,2017,2716443,12894
P0135,2018,2451014,12622
P0135,2019,2076773,8824
P0135,2020,1883866,9815
P0135,2021,1654228,8439
P0135,2022,1522466,11320
P0135,2023,1344532,9538
P0135,2024,1196028,6926
P0135,2025,1074692,8701
P0136,2018,9102207,164426
P0136,2019,12304621,141334
P0136,2020,16521846,155674
P0136,2021,20577622,146256
P0136,2022,25461058,150555
P0136,2023,30533870,173214
P0136,2024,37338166,194886
P0136,2025,41363759,182433
P0137,2023,519731,16194
P0137,2024,625695,14654
P0137,2025,3495659,20624
P0138,2020,169346,4321
P0138,2021,444426,6880
P0138,2022,1986933,9889
P0138,2023,2304286,8128
P0138,2024,2414494,9566
P0138,2025,2389666,9942
P0139,2025,7667140,92694
P0140,2018,2515274,46308
P0140,2019,2623537,74033
P0140,2020,3728073,70207
P0140,2021,24417562,118069
P0140,2022,20716984,103126
P0140,2023,13377466,76418
P0140,2024,9430911,82440
P0140,2025,6464088,76526
P0141,2016,7684379,42926
P0141,2017,8811852,43730
P0141,2018,10527141,40720
P0141,2019,11120132,47054
P0141,2020,10830031,40411
P0141,2021,11107377,48292
P0141,2022,10644715,34062
P0141,2023,10998362,45795
P0141,2024,11450749,51136
P0141,2025,10991809,45195
P0142,2022,15469142,138162
P0142,2023,36095857,175402
P0142,2024,18365467,102422
P0142,2025,10192004,128625
P0143,2016,1328846,25072
P0143,2017,1830197,27481
P0143,2018,2383210,20611
P0143,2019,3045843,28099
P0143,2020,3728460,29494
P0143,2021,4635668,34663
P0143,2022,5279163,31194
P0143,2023,5818481,24253
P0143,2024,7119995,34253
P0143,2025,7998925,40775
P0144,2016,1386103,50039
P0144,2017,1460113,50869
P0144,2018,4200965,40683
P0144,2019,15940110,71085
P0144,2020,18067583,76261
P0144,2021,18257255,79157
P0144,2022,18078925,81477
P0144,2023,17531537,55460
P0144,2024,18338706,74031
P0144,2025,18181774,82124
P0145,2017,12908200,412502
P0145,2018,13268560,422585
P0145,2019,62445899,474394
P0145,2020,129720239,575137
P0145,2021,86745679,314819
P0145,2022,62894563,481850
P0145,2023,44136907,397899
P0145,2024,32359789,291539
P0145,2025,25225668,396017
P0146,2023,852511,20989
P0146,2024,959823,22033
P0146,2025,4921074,31678
P0147,2024,11936902,62677
P0147,2025,7603515,50969
P0148,2022,226780,5861
P0148,2023,229920,6656
P0148,2024,709646,5357
P0148,2025,2191196,10125
P0149,2019,1047374,33106
P0149,2020,1014082,27673
P0149,2021,986326,20887
P0149,2022,1028448,28254
P0149,2023,1610677,33534
P0149,2024,8333476,41169
P0149,2025,10324707,43573
P0150,2021,2644657,31195
P0150,2022,4213802,39678
P0150,2023,5872660,33445
P0150,2024,7970135,41213
P0150,2025,10069452,52175
P0151,2022,24450035,271480
P0151,2023,39116820,292627
P0151,2024,56299601,304171
P0151,2025,73999252,370332
P0152,2021,277741,6314
P0152,2022,1976722,9912
P0152,2023,1513631,6826
P0152,2024,870577,7052
P0152,2025,544813,7460
P0153,2022,4565867,61803
P0153,2023,7593786,69685
P0153,2024,11476622,63041
P0153,2025,15437065,80106
P0154,2021,4701247,17659
P0154,2022,3955508,18775
P0154,2023,3140459,16638
P0154,2024,2671789,19334
P0154,2025,2188306,17888
P0155,2021,3594290,92999
P0155,2022,3682653,100094
P0155,2023,3599770,80767
P0155,2024,12885454,142482
P0155,2025,35343467,153134
P0156,2016,1630073,61181
P0156,2017,1663296,62255
P0156,2018,1757238,69637
P0156,2019,6565395,71675
P0156,2020,19145537,86479
P0156,2021,20815852,82631
P0156,2022,20454231,82969
P0156,2023,20749352,92737
P0156,2024,21346069,90717
P0156,2025,20268870,72761
P0157,2021,12915649,138555
P0157,2022,20232303,188868
P0157,2023,27550692,156865
P0157,2024,37701002,197078
P0157,2025,47112723,247543
P0158,2016,211775,5392
P0158,2017,232942,6415
P0158,2018,237141,6046
P0158,2019,350297,7020
P0158,2020,2293330,11183
P0158,2021,2032608,7526
P0158,2022,1424386,7863
P0158,2023,1028978,8136
P0158,2024,745926,7838
P0158,2025,537814,5254
P0159,2020,49096152,185933
P0159,2021,40609898,170041
P0159,2022,34710115,192608
P0159,2023,29267849,206271
P0159,2024,24760306,167397
P0159,2025,19836653,125048
P0160,2021,4249045,14916
P0160,2022,3837590,19343
P0160,2023,3105928,17342
P0160,2024,2457222,13907
P0160,2025,2011363,14812
P0161,2025,21563704,127945
P0162,2024,7143745,155001
P0162,2025,33568437,315297
P0163,2017,10447088,403877
P0163,2018,10533442,369129
P0163,2019,15080761,301645
P0163,2020,86860483,497966
P0163,2021,131495545,568208
P0163,2022,132287150,571454
P0163,2023,132592773,580957
P0163,2024,129123404,444908
P0163,2025,129447870,511700
P0164,2024,63426238,474721
P0164,2025,129257637,578382
P0165,2022,464988,9600
P0165,2023,480984,14123
P0165,2024,921925,13948
P0165,2025,4217322,21403
P0166,2024,47609291,232251
P0166,2025,34073292,253528
P0167,2019,5524052,152972
P0167,2020,5573820,157516
P0167,2021,5312980,102603
P0167,2022,5491820,161744
P0167,2023,6546654,173556
P0167,2024,35866103,200916
P0167,2025,55447303,259882
P0168,2018,13614804,52082
P0168,2019,13110529,63505
P0168,2020,11051101,53250
P0168,2021,9748101,52802
P0168,2022,8557656,55634
P0168,2023,7089316,35958
P0168,2024,6483556,40253
P0168,2025,5845978,47771
P0169,2023,41789836,334957
P0169,2024,60335285,342402
P0169,2025,25402548,215661
P0170,2018,11436923,314612
P0170,2019,13280035,392539
P0170,2020,90940234,397366
P0170,2021,96257420,415620
P0170,2022,62578357,394302
P0170,2023,40090070,282549
P0170,2024,29456376,365070
P0170,2025,21333275,274153
P0171,2025,16423158,95998
P0172,2019,107674531,358523
P0172,2020,99698662,421719
P0172,2021,87901985,469389
P0172,2022,75414738,419344
P0172,2023,64463597,357500
P0172,2024,57245623,370284
P0172,2025,49335315,413872
P0173,2024,1176241,13628
P0173,2025,2833493,20898
P0174,2025,51246345,276035
P0175,2025,11886952,54084
P0176,2018,350865,5587
P0176,2019,498470,6015
P0176,2020,645007,4435
P0176,2021,845540,6729
P0176,2022,1065147,7046
P0176,2023,1239661,5849
P0176,2024,1527869,7848
P0176,2025,1723754,7410
P0177,2019,8618548,221821
P0177,2020,29270716,299145
P0177,2021,84600808,331744
P0177,2022,56950651,319189
P0177,2023,35733478,255322
P0177,2024,24368414,257283
P0177,2025,17647315,269162
P0178,2020,17387979,255056
P0178,2021,28775224,359014
P0178,2022,41888543,320472
P0178,2023,57096727,326311
P0178,2024,75459595,387535
P0178,2025,93966773,460891
P0179,2016,1472628,25367
P0179,2017,2138825,33844
P0179,2018,2885640,30055
P0179,2019,3706849,37463
P0179,2020,4608666,36826
P0179,2021,5276059,27712
P0179,2022,6569286,44226
P0179,2023,7438439,37594
P0179,2024,8672021,33484
P0179,2025,9898181,44387
P0180,2021,7605343,88742
P0180,2022,11808192,109746
P0180,2023,16568957,128498
P0180,2024,21281163,108496
P0180,2025,26030155,112829
P0181,2024,2562280,23711
P0181,2025,3578212,22589
P0182,2019,3932469,88039
P0182,2020,3976785,113818
P0182,2021,3995838,102481
P0182,2022,4067608,118837
P0182,2023,12315245,135319
P0182,2024,37776734,136415
P0182,2025,39872698,153066
P0183,2021,539963,14155
P0183,2022,541279,14898
P0183,2023,677687,11868
P0183,2024,3936494,20579
P0183,2025,5452646,23686
P0184,2017,6253086,234596
P0184,2018,6317253,235255
P0184,2019,11012771,178184
P0184,2020,57749143,321799
P0184,2021,77963158,315800
P0184,2022,80191259,333598
P0184,2023,79092949,355219
P0184,2024,80116618,316953
P0184,2025,80037435,331584
P0185,2018,22020121,344517
P0185,2019,31027255,397056
P0185,2020,40461437,320535
P0185,2021,54761485,512134
P0185,2022,63668262,338887
P0185,2023,79050204,456816
P0185,2024,94397088,493926
P0185,2025,104176827,410668
P0186,2024,10551813,251986
P0186,2025,57715126,357242
P0187,2023,23709005,106777
P0187,2024,30273767,126608
P0187,2025,30820397,124773
P0188,2017,5195542,136221
P0188,2018,5351796,163304
P0188,2019,5150078,110167
P0188,2020,5172475,150062
P0188,2021,5146202,122435
P0188,2022,10858701,176485
P0188,2023,46887554,236693
P0188,2024,51539544,180445
P0188,2025,52559710,210137
P0189,2016,787376,16758
P0189,2017,1088091,16645
P0189,2018,1396581,12433
P0189,2019,1801256,15299
P0189,2020,2238500,17174
P0189,2021,2574131,13068
P0189,2022,3194179,19982
P0189,2023,3640943,18911
P0189,2024,4331290,21163
P0189,2025,4867597,24221
P0190,2017,129611961,607939
P0190,2018,116852510,560019
P0190,2019,101767048,540660
P0190,2020,91712714,581365
P0190,2021,79250902,400302
P0190,2022,73541566,556719
P0190,2023,64377080,411599
P0190,2024,60543071,482873
P0190,2025,53417352,467672
P0191,2023,34988525,156831
P0191,2024,38546981,167436
P0191,2025,38127749,175343
P0192,2024,2061597,7889
P0192,2025,2345210,9219
P0193,2016,4505578,93380
P0193,2017,4703855,127896
P0193,2018,4699358,123889
P0193,2019,4762766,140933
P0193,2020,4668412,108175
P0193,2021,4644143,117531
P0193,2022,6046207,130670
P0193,2023,33740945,195423
P0193,2024,47522646,194944
P0193,2025,45730339,165617
P0194,2023,4919555,57397
P0194,2024,9083581,62706
P0194,2025,13081283,55282
P0195,2025,2362422,30769
P0196,2022,2151248,71097
P0196,2023,11407799,86762
P0196,2024,23150675,86631
P0196,2025,24059710,104298
P0197,2024,20551838,210387
P0197,2025,38857717,231011
P0198,2022,2422947,40741
P0198,2023,13821082,91537
P0198,2024,18262371,57500
P0198,2025,18556833,83046
P0199,2023,33772041,149418
P0199,2024,46522942,172175
P0199,2025,49550119,237293
P0200,2023,13912526,391727
P0200,2024,19856538,391179
P0200,2025,105329452,529938
P0201,2017,5638046,169747
P0201,2018,5750639,172279
P0201,2019,5499503,130651
P0201,2020,5603142,163550
P0201,2021,5689539,157811
P0201,2022,10720951,189371
P0201,2023,48052708,227272
P0201,2024,54501283,179547
P0201,2025,55270896,224344
P0202,2022,9364606,235891
P0202,2023,9564850,263278
P0202,2024,24608018,251702
P0202,2025,88277317,437274
P0203,2018,8997238,263693
P0203,2019,8647255,253339
P0203,2020,8426663,186014
P0203,2021,8512530,210516
P0203,2022,10689511,260102
P0203,2023,59959308,388058
P0203,2024,86037787,333041
P0203,2025,84646533,307177
P0204,2016,3050638,14897
P0204,2017,3322781,15371
P0204,2018,4276528,18006
P0204,2019,4614984,20888
P0204,2020,4468393,17665
P0204,2021,4538651,16391
P0204,2022,4520885,18706
P0204,2023,4569234,20632
P0204,2024,4497001,15407
P0204,2025,4580526,18750
P0205,2018,40948830,198591
P0205,2019,34889102,162498
P0205,2020,30406244,172374
P0205,2021,26814409,159897
P0205,2022,22812229,109593
P0205,2023,21145282,142295
P0205,2024,19595333,149807
P0205,2025,16901621,146328
P0206,2025,1486699,9095
P0207,2019,706739,19306
P0207,2020,753739,22389
P0207,2021,5016058,32168
P0207,2022,6299698,30478
P0207,2023,3850689,20863
P0207,2024,2581583,22671
P0207,2025,1760068,21836
P0208,2022,914504,19788
P0208,2023,4978490,25539
P0208,2024,6679734,22450
P0208,2025,6928911,28686
P0209,2019,2759801,14594
P0209,2020,3454247,16580
P0209,2021,3629160,12558
P0209,2022,3724340,14586
P0209,2023,3835305,15768
P0209,2024,3914331,17947
P0209,2025,3808599,15860
P0210,2020,2104414,66972
P0210,2021,2088028,60074
P0210,2022,2046959,50367
P0210,2023,3297570,62020
P0210,2024,17340517,91155
P0210,2025,21017830,91571
P0211,2021,799712,19775
P0211,2022,4110418,28587
P0211,2023,6450862,29526
P0211,2024,3451727,29306
P0211,2025,1923071,25041
P0212,2020,10776757,288119
P0212,2021,13045291,306763
P0212,2022,73017827,524537
P0212,2023,135706044,490643
P0212,2024,146383476,607509
P0212,2025,142064350,608523
P0213,2025,4368539,30512
P0214,2018,1338470,30416
P0214,2019,1369609,38199
P0214,2020,1383209,46642
P0214,2021,1326378,35333
P0214,2022,1315756,35888
P0214,2023,1702389,31448
P0214,2024,9897823,56587
P0214,2025,13095034,48790
P0215,2020,14007761,340223
P0215,2021,14071328,391382
P0215,2022,13782223,311663
P0215,2023,17348282,389543
P0215,2024,99269006,590006
P0215,2025,140429111,658783
P0216,2018,5699938,166305
P0216,2019,5631020,167240
P0216,2020,5345302,114227
P0216,2021,5476661,153080
P0216,2022,5621895,186974
P0216,2023,10548740,182098
P0216,2024,49298349,250431
P0216,2025,52605774,173991
P0217,2024,321108,8111
P0217,2025,1716947,11373
P0218,2018,379267,10637
P0218,2019,369363,11045
P0218,2020,361756,7118
P0218,2021,372281,10120
P0218,2022,489845,12552
P0218,2023,2711052,15440
P0218,2024,3747071,15760
P0218,2025,3554316,12157
P0219,2016,11250250,169687
P0219,2017,15252019,198605
P0219,2018,20019083,167114
P0219,2019,24642810,216544
P0219,2020,30415809,230638
P0219,2021,35866942,231483
P0219,2022,41771109,254651
P0219,2023,46166047,201892
P0219,2024,54133663,245631
P0219,2025,62658179,306730
P0220,2019,809363,11921
P0220,2020,1151273,11537
P0220,2021,1554585,10800
P0220,2022,2059912,14614
P0220,2023,2485197,13536
P0220,2024,3091316,14698
P0220,2025,3582438,14263
P0221,2023,30326697,243093
P0221,2024,60142662,250286
P0221,2025,62021627,281338
P0222,2018,2929389,13439
P0222,2019,3432427,15914
P0222,2020,4006167,16744
P0222,2021,4385263,20443
P0222,2022,4388727,18625
P0222,2023,4100980,15268
P0222,2024,4404174,18864
P0222,2025,4306659,18083
P0223,2020,2370189,67128
P0223,2021,2466329,82542
P0223,2022,2292065,45091
P0223,2023,2601015,71212
P0223,2024,13472412,91201
P0223,2025,24093480,113122
P0224,2020,2125678,61898
P0224,2021,2412543,57665
P0224,2022,17657612,93566
P0224,2023,15934678,80533
P0224,2024,9403355,50985
P0224,2025,5980201,53648
P0225,2022,2565457,11173
P0225,2023,2108908,12506
P0225,2024,1744638,13223
P0225,2025,1369494,10875
P0226,2016,21562462,387381
P0226,2017,27721667,318988
P0226,2018,37633642,404159
P0226,2019,45325561,413286
P0226,2020,53350679,315539
P0226,2021,65342105,424377
P0226,2022,75956288,447666
P0226,2023,84826871,397867
P0226,2024,98705325,417850
P0226,2025,112614329,546247
P0227,2018,3483842,14645
P0227,2019,2981588,14729
P0227,2020,2537175,12084
P0227,2021,2227542,11205
P0227,2022,1986201,13067
P0227,2023,1757265,13184
P0227,2024,1584273,12276
P0227,2025,1343385,9148
P0228,2025,17877306,103815
P0229,2016,2310822,51012
P0229,2017,3151864,46363
P0229,2018,4103503,34942
P0229,2019,5263806,46538
P0229,2020,6632368,49131
P0229,2021,7788632,44255
P0229,2022,9091422,47753
P0229,2023,10773694,61458
P0229,2024,12912929,66908
P0229,2025,14215702,67482
P0230,2025,2120878,19091
P0231,2024,305072,8694
P0231,2025,1188252,10500
P0232,2020,2259422,9394
P0232,2021,2888661,13141
P0232,2022,3148147,13114
P0232,2023,3233988,13892
P0232,2024,3251719,13772
P0232,2025,3096310,11491
P0233,2025,8900855,56109
P0234,2024,1648265,41830
P0234,2025,7718638,44879
P0235,2021,1756429,46407
P0235,2022,8024875,59028
P0235,2023,19997792,88128
P0235,2024,20490225,66962
P0235,2025,20757454,84033
P0236,2022,1876926,43032
P0236,2023,11541586,56308
P0236,2024,8102927,51274
P0236,2025,4139335,44042
P0237,2017,685138,18938
P0237,2018,766697,19337
P0237,2019,5337515,23521
P0237,2020,6495848,24816
P0237,2021,4458931,26629
P0237,2022,3059971,16913
P0237,2023,2221796,19799
P0237,2024,1736356,22428
P0237,2025,1326161,21323
P0238,2016,9209166,42348
P0238,2017,8214810,37135
P0238,2018,7279327,31543
P0238,2019,6484714,34375
P0238,2020,5837405,33603
P0238,2021,5371953,36683
P0238,2022,4692983,31772
P0238,2023,4205391,26297
P0238,2024,4153963,42543
P0238,2025,3503708,26029
P0239,2024,15847662,166740
P0239,2025,44632159,321265
P0240,2019,403388,8672
P0240,2020,879502,13395
P0240,2021,4105606,17969
P0240,2022,2842880,15735
P0240,2023,1777469,15219
P0240,2024,1137205,9362
P0240,2025,831782,12360
P0241,2021,1735491,7889
P0241,2022,2166796,9268
P0241,2023,2410010,10741
P0241,2024,2499495,10498
P0241,2025,2469844,10379
P0242,2019,89438379,415710
P0242,2020,77502915,384192
P0242,2021,64773606,276800
P0242,2022,59488939,351928
P0242,2023,52022246,345397
P0242,2024,45889535,370714
P0242,2025,38300032,291863
P0243,2022,1058571,22040
P0243,2023,1135513,34711
P0243,2024,2815934,31256
P0243,2025,10209744,47430
P0244,2025,32428292,203023
P0245,2021,9283301,43666
P0245,2022,7490859,36997
P0245,2023,6034432,29181
P0245,2024,5185238,34847
P0245,2025,4198102,33954
P0246,2019,610784,11753
P0246,2020,906446,11458
P0246,2021,1233328,8253
P0246,2022,1678987,13653
P0246,2023,2054206,11792
P0246,2024,2630250,14775
P0246,2025,3021778,14549
P0247,2024,71649538,361600
P0247,2025,93031911,378209
P0248,2024,1843812,20274
P0248,2025,3569589,22058
P0249,2020,43076876,216452
P0249,2021,50547541,186313
P0249,2022,56282660,225362
P0249,2023,57514944,251504
P0249,2024,57782145,226040
P0249,2025,56860263,191801
P0250,2016,515299,9739
P0250,2017,690325,8434
P0250,2018,907285,8259
P0250,2019,1193049,11594
P0250,2020,1438760,11149
P0250,2021,1775978,12692
P0250,2022,1961592,8789
P0250,2023,2337079,11991
P0250,2024,2753688,13553
P0250,2025,3064260,14612
P0251,2023,20814360,218693
P0251,2024,37904363,278460
P0251,2025,53913109,275833
P0252,2017,8765279,260935
P0252,2018,10001999,247952
P0252,2019,66797189,266044
P0252,2020,80051300,356311
P0252,2021,54939682,326934
P0252,2022,36663504,218644
P0252,2023,27975196,264653
P0252,2024,20730838,255755
P0252,2025,16430152,274600
P0253,2021,37885213,158793
P0253,2022,47377475,188969
P0253,2023,52962606,232770
P0253,2024,53661392,209206
P0253,2025,52092356,196725
P0254,2023,6388200,87321
P0254,2024,12871761,83516
P0254,2025,20680662,108680
P0255,2019,699439,11720
P0255,2020,1104861,15014
P0255,2021,1615564,16152
P0255,2022,2196583,17682
P0255,2023,2903461,18442
P0255,2024,3543191,18876
P0255,2025,4059699,15328
P0256,2025,12716840,51814
P0257,2019,4072296,65321
P0257,2020,5982957,53646
P0257,2021,8595817,73174
P0257,2022,11446123,84955
P0257,2023,14155437,89240
P0257,2024,16969611,78536
P0257,2025,20283487,92169
P0258,2019,17847167,89799
P0258,2020,24053098,117560
P0258,2021,27627276,125085
P0258,2022,29044788,123422
P0258,2023,29097207,123293
P0258,2024,29024057,105635
P0258,2025,28580576,108164
P0259,2022,9574749,142315
P0259,2023,16469060,146791
P0259,2024,24715108,138542
P0259,2025,33086316,173180
P0260,2017,249614,7271
P0260,2018,266738,8985
P0260,2019,870308,11929
P0260,2020,3000076,13974
P0260,2021,3171151,11214
P0260,2022,3322099,15389
P0260,2023,3276376,14166
P0260,2024,3352085,14598
P0260,2025,3297417,14358
P0261,2016,10306478,207666
P0261,2017,11045101,311457
P0261,2018,11377281,311271
P0261,2019,64739481,460930
P0261,2020,112520678,491173
P0261,2021,76726879,343858
P0261,2022,54739711,370296
P0261,2023,40964240,358489
P0261,2024,31374324,392978
P0261,2025,23630822,324409
P0262,2016,7029448,246964
P0262,2017,7273838,250753
P0262,2018,22557117,208498
P0262,2019,79706664,368000
P0262,2020,88666339,352642
P0262,2021,88019798,328187
P0262,2022,89344728,342414
P0262,2023,91209040,399060
P0262,2024,92745095,389389
P0262,2025,92071825,416088
P0263,2024,20245860,87557
P0263,2025,21620963,97930
P0264,2019,3772066,109671
P0264,2020,3736284,103023
P0264,2021,13741056,111933
P0264,2022,36980685,153180
P0264,2023,24220174,140671
P0264,2024,15157201,111262
P0264,2025,10390679,112836
P0265,2025,1431843,7909
P0266,2023,550559,11966
P0266,2024,3548185,20903
P0266,2025,2337966,15275
P0267,2022,104905358,375412
P0267,2023,93897403,535125
P0267,2024,70130721,425508
P0267,2025,54446564,425805
P0268,2018,416549,11977
P0268,2019,695321,13242
P0268,2020,4105217,19344
P0268,2021,3302974,17337
P0268,2022,2128451,10465
P0268,2023,1479684,12637
P0268,2024,1088259,12405
P0268,2025,820458,13382
P0269,2023,341922,7399
P0269,2024,373867,9209
P0269,2025,1624285,11754
P0270,2024,2659111,20864
P0270,2025,2266278,17243
P0271,2019,217837,8394
P0271,2020,619382,6258
P0271,2021,2274311,9211
P0271,2022,2668912,11593
P0271,2023,2661111,11702
P0271,2024,2668845,10134
P0271,2025,2653020,11404
P0272,2024,2952170,70311
P0272,2025,12334543,113204
P0273,2018,20293893,85837
P0273,2019,17743980,90484
P0273,2020,15556674,93488
P0273,2021,13348330,77372
P0273,2022,11578902,64879
P0273,2023,10272086,61512
P0273,2024,9565108,72973
P0273,2025,8445555,72907
P0274,2018,1053006,34871
P0274,2019,1457987,43184
P0274,2020,8493508,55042
P0274,2021,13348781,59582
P0274,2022,13080179,45393
P0274,2023,13016812,55006
P0274,2024,13747736,62489
P0274,2025,13181601,51125
P0275,2016,1687187,65001
P0275,2017,1828632,58952
P0275,2018,9005089,61897
P0275,2019,20278869,84658
P0275,2020,21193271,89198
P0275,2021,21468957,96194
P0275,2022,20671325,83783
P0275,2023,21006461,86393
P0275,2024,21315319,89820
P0275,2025,21621452,99888
P0276,2018,571874,8342
P0276,2019,850864,10060
P0276,2020,1206781,13177
P0276,2021,1632962,14521
P0276,2022,2049931,13429
P0276,2023,2387411,9300
P0276,2024,3060857,17444
P0276,2025,3514516,16344
P0277,2017,14789196,65698
P0277,2018,13025100,61921
P0277,2019,10996253,50450
P0277,2020,9908868,53947
P0277,2021,8871550,52808
P0277,2022,7863089,52052
P0277,2023,7117031,52942
P0277,2024,6435954,42804
P0277,2025,5566817,37789
P0278,2016,13567457,184520
P0278,2017,19024900,263025
P0278,2018,25679969,256994
P0278,2019,32556608,309640
P0278,2020,39880272,304680
P0278,2021,46320976,242141
P0278,2022,57517592,386425
P0278,2023,64707743,340601
P0278,2024,74133592,331824
P0278,2025,88237065,465479
P0279,2021,1611670,40191
P0279,2022,10915161,71941
P0279,2023,11073163,44677
P0279,2024,6147228,47174
P0279,2025,3686088,49859
P0280,2025,1532393,8874
P0281,2020,5477287,28626
P0281,2021,6666429,30316
P0281,2022,6904296,22924
P0281,2023,7001111,27350
P0281,2024,7413626,32642
P0281,2025,7147907,27772
P0282,2016,1582202,46233
P0282,2017,1596387,46583
P0282,2018,1568011,35392
P0282,2019,1569315,42155
P0282,2020,1555762,41855
P0282,2021,1613091,47452
P0282,2022,1869721,41938
P0282,2023,10090481,55849
P0282,2024,15713222,58672
P0282,2025,15898744,69125
P0283,2021,171460,3396
P0283,2022,181429,5546
P0283,2023,177909,4981
P0283,2024,432473,5132
P0283,2025,1636724,7889
P0284,2016,3939143,20605
P0284,2017,4780267,23855
P0284,2018,5745885,25635
P0284,2019,5664819,25337
P0284,2020,5600651,20781
P0284,2021,5779891,24200
P0284,2022,5696314,22974
P0284,2023,5909710,26007
P0284,2024,5802545,24320
P0284,2025,5536850,21013
P0285,2015,6351657,144584
P0285,2016,7136454,210422
P0285,2017,7008114,171174
P0285,2018,7418836,216834
P0285,2019,6737715,110303
P0285,2020,7094541,204649
P0285,2021,7231004,203152
P0285,2022,30523462,269408
P0285,2023,67785134,257975
P0285,2024,73069427,357558
P0285,2025,69705273,276726
P0286,2021,847039,12395
P0286,2022,1331727,14126
P0286,2023,1876386,11399
P0286,2024,2601897,14956
P0286,2025,3261796,15754
P0287,2015,7223574,190953
P0287,2016,7471733,270834
P0287,2017,7593165,221704
P0287,2018,30427238,296417
P0287,2019,89259850,428324
P0287,2020,92752364,318215
P0287,2021,95916865,412097
P0287,2022,94495013,413731
P0287,2023,95418802,352542
P0287,2024,97385016,402703
P0287,2025,94284211,366673
P0288,2020,20011478,309586
P0288,2021,29695670,291934
P0288,2022,40768536,255384
P0288,2023,54265365,351924
P0288,2024,70295835,398932
P0288,2025,83257424,393383
